storm_id,event_start,event_end,duration_min,precip_mm,energy_mj_ha,ei30,omit_precip_condition,omit_intensity_condition,omitted,erosive,i5_mm_h,i10_mm_h,i15_mm_h,i20_mm_h,i30_mm_h,i60_mm_h,energy_equation
1,2025-08-01T00:00:00Z,2025-08-01T00:29:00Z,30,3,0.405951466564972,2.43570879938983,,,FALSE,TRUE,6,6,6,6,6,3,brown_foster_1987
2,2025-08-01T07:00:00Z,2025-08-01T07:29:00Z,30,30,8.3881338037437,503.288028224622,,,FALSE,TRUE,60,60,60,60,60,30,brown_foster_1987
3,2025-08-01T14:00:00Z,2025-08-01T14:29:00Z,30,60,17.3689461927307,2084.27354312769,,,FALSE,TRUE,120,120,120,120,120,60,brown_foster_1987
1,2025-08-01T00:00:00Z,2025-08-01T00:29:00Z,30,3,0.487017558042579,2.92210534825548,,,FALSE,TRUE,6,6,6,6,6,3,mcgregor_1995
2,2025-08-01T07:00:00Z,2025-08-01T07:29:00Z,30,30,8.65427824437572,519.256694662543,,,FALSE,TRUE,60,60,60,60,60,30,mcgregor_1995
3,2025-08-01T14:00:00Z,2025-08-01T14:29:00Z,30,60,17.3993325418463,2087.91990502156,,,FALSE,TRUE,120,120,120,120,120,60,mcgregor_1995
1,2025-08-01T00:00:00Z,2025-08-01T00:29:00Z,30,3,0.560797812475476,3.36478687485286,,,FALSE,TRUE,6,6,6,6,6,3,laws_parsons_1943
2,2025-08-01T07:00:00Z,2025-08-01T07:29:00Z,30,30,8.22697812475476,493.618687485286,,,FALSE,TRUE,60,60,60,60,60,30,laws_parsons_1943
3,2025-08-01T14:00:00Z,2025-08-01T14:29:00Z,30,60,18.0307513667975,2163.6901640157,,,FALSE,TRUE,120,120,120,120,120,60,laws_parsons_1943
